Name,Reviews,Console,Year,Developer,Genre,Price,Country
Disney's TaleSpin,4.0,Gameboy,1992.0,"Capcom Co., Ltd.",action,40.94,Japonia
Disney's DuckTales 2,1.0,Gameboy,1993.0,"Capcom Co., Ltd.",action,42.31,Japonia
Puyo Puyo,4.0,Gameboy,1994.0,Compile,puzzle,46.67,Japonia
Puyo Puyo 2,2.0,Gameboy,1996.0,Compile,puzzle,30.22,Japonia
Tumble Pop,9.0,Gameboy,1992.0,Data East Corporation,action,24.42,Japan
Herakles no Eikō: Ugokidashita Kamigami,1.0,Gameboy,1992.0,Data East Corporation,RPG,23.09,Japan
Pokémon Blue Version,7.0,Gameboy,1998.0,"Game Freak, Inc.",RPG,40.04,Japonia
Yoshi,7.0,Gameboy,1992.0,"Game Freak, Inc.",Puzzle,39.1,Japonia
Pokemon - Blue Version,5.0,Gameboy,1998.0,"Game Freak, Inc.",Role-Playing,24.7,Japonia
Pokemon - Red Version,6.0,Gameboy,1998.0,"Game Freak, Inc.",Role-Playing,47.62,Japonia
Game Boy Camera Games,3.0,Gameboy,1998.0,"Game Freak, Inc.",Action,21.67,Japonia
Kirby's Dream Land,5.0,Gameboy,1992.0,"HAL Laboratory, Inc.",Action,34.79,Japonia
Kirby's Pinball Land,5.0,Gameboy,1993.0,"HAL Laboratory, Inc.",Traditional,41.02,Japonia
"Adventures of Lolo, The",5.0,Gameboy,1995.0,"HAL Laboratory, Inc.",Puzzle,22.3,Japonia
Kirby's Dream Land 2,1.0,Gameboy,1995.0,"HAL Laboratory, Inc.",Action,47.9,Japonia
Kirby's Block Ball,6.0,Gameboy,1996.0,"HAL Laboratory, Inc.",Puzzle,29.39,Japonia
Kirby's Star Stacker,9.0,Gameboy,1997.0,"HAL Laboratory, Inc.",Puzzle,35.83,Japonia
Vegas Stakes,1.0,Gameboy,1995.0,"HAL Laboratory, Inc.",gambling,37.87,Japonia
Kirby's Star Stacker,7.0,Gameboy,1997.0,"HAL Laboratory, Inc.",puzzle,49.62,Japonia
Wario Blast Featuring Bomberman,10.0,Gameboy,1994.0,"Hudson Soft Company, Ltd.",Action,44.53,Japonia
Adventure Island 3,5.0,Gameboy,1993.0,"Hudson Soft Company, Ltd.",action,48.84,Japonia
Felix the Cat,6.0,Gameboy,1993.0,"Hudson Soft Company, Ltd.",action,31.26,Japonia
Momotarō Densetsu Gaiden,7.0,Gameboy,1991.0,"Hudson Soft Company, Ltd.",RPG,46.07,Japonia
Castle Quest,10.0,Gameboy,1993.0,"Hudson Soft Company, Ltd.",RPG,30.81,Japonia
Daikaijū Monogatari: Miracle of the Zone,7.0,Gameboy,1998.0,"Hudson Soft Company, Ltd.",RPG,28.56,Japonia
Alleyway,7.0,Gameboy,1989.0,"Intelligent Systems Co., Ltd.",Action,43.42,Japonia
Kaeru no tame ni Kane wa Naru,5.0,Gameboy,1992.0,"Intelligent Systems Co., Ltd.",Role-Playing,48.78,Japonia
Kaeru no tame ni Kane wa Naru,4.0,Gameboy,1992.0,"Intelligent Systems Co., Ltd.",action,24.83,Japonia
Mario's Picross,8.0,Gameboy,1995.0,Jupiter Corp.,puzzle,34.96,Japonia
Arcade Classic 3: Galaga / Galaxian,8.0,Gameboy,1995.0,Namco Limited,compilation,34.94,Japonia
Namco Gallery Vol. 1,1.0,Gameboy,1996.0,Namco Limited,compilation,21.22,Japonia
Namco Gallery Vol. 3,2.0,Gameboy,1997.0,Namco Limited,compilation,49.5,Japonia
Pac-Attack,9.0,Gameboy,1994.0,Namco Limited,puzzle,33.69,Japonia
Great Greed,7.0,Gameboy,1992.0,Namco Limited,RPG,24.78,Japonia
Tetris Attack,5.0,Gameboy,1996.0,"Nintendo Co., Ltd.",puzzle,21.31,Japan
Pocket Monsters Ao,7.0,Gameboy,1996.0,"Nintendo Co., Ltd.",RPG,31.22,Japan
Pokémon Yellow Version: Special Pikachu Edition,10.0,Gameboy,1998.0,"Nintendo Co., Ltd.",RPG,24.58,Japan
Super Mario Land 2: 6 Golden Coins,5.0,Gameboy,1992.0,Nintendo R&D1,action,27.93,Japan
Game Boy Gallery,6.0,Gameboy,1995.0,Nintendo R&D1,compilation,40.61,Japan
Game & Watch Gallery,5.0,Gameboy,1997.0,Nintendo R&D1,compilation,21.67,Japan
Game & Watch Gallery,1.0,Gameboy,1997.0,Nintendo R&D1,puzzle,28.6,Japan
Tetris,9.0,Gameboy,1989.0,Nintendo R&D1,Gaming,24.8,Japan
Metroid II - Return of Samus,3.0,Gameboy,1992.0,Nintendo R&D1,Action,46.53,Japan
Rolan's Curse 2,1.0,Gameboy,1992.0,NMK Co. Ltd.,action,46.46,Japonia
Rolan's Curse 2,9.0,Gameboy,1992.0,NMK Co. Ltd.,RPG,45.01,Japonia
Battletoads / Double Dragon,1.0,Gameboy,1993.0,Rare Limited,action,45.04,France
Downtown Nekketsu Kōshinkyoku: Soreyuke Daiundōkai,10.0,Gameboy,1992.0,Technos Japan Corp.,action,37.67,Japonia
Downtown Special: Kunio-kun no Jidaigeki da yo - Z...,3.0,Gameboy,1993.0,Technos Japan Corp.,RPG,26.73,Japonia
Candy Land / Chutes & Ladders / Original Memory Ga...,5.0,Gameboy Advanced,2005.0,"Black Lantern Studios, Inc.",compilation,35.17,Statele Unite
The Game of Life / Yahtzee / Payday,4.0,Gameboy Advanced,2005.0,"Black Lantern Studios, Inc.",compilation,31.33,Statele Unite
Uno / Skip-Bo,3.0,Gameboy Advanced,2006.0,"Black Lantern Studios, Inc.",compilation,35.67,Statele Unite
Uno Free Fall,4.0,Gameboy Advanced,2007.0,"Black Lantern Studios, Inc.",puzzle,21.03,Statele Unite
Gyakuten Saiban,5.0,Gameboy Advanced,2001.0,"Capcom Co., Ltd.",adventure,23.22,Japonia
Phoenix Wright: Ace Attorney - Justice for All,8.0,Gameboy Advanced,2002.0,"Capcom Co., Ltd.",adventure,47.74,Japonia
Phoenix Wright: Ace Attorney - Trials and Tribulat...,2.0,Gameboy Advanced,2004.0,"Capcom Co., Ltd.",adventure,42.24,Japonia
Magical Quest Starring Mickey & Minnie,10.0,Gameboy Advanced,2002.0,"Capcom Co., Ltd.",Puzzle,49.55,Japonia
Famicom Mini Vol. 18: Makaimura,10.0,Gameboy Advanced,2004.0,"Capcom Co., Ltd.",Fighting,20.86,Japonia
Mega Man Battle Network 5: Team Protoman,1.0,Gameboy Advanced,2004.0,Capcom Production Studio 2,RPG,29.0,Japonia
Mega Man Battle Network 5: Team Colonel,2.0,Gameboy Advanced,2005.0,Capcom Production Studio 2,RPG,41.77,Japonia
Mega Man Battle Network 6: Cybeast Falzar,7.0,Gameboy Advanced,2005.0,Capcom Production Studio 2,RPG,38.67,Japonia
Mega Man Battle Network 6: Cybeast Gregar,7.0,Gameboy Advanced,2005.0,Capcom Production Studio 2,RPG,37.32,Japonia
Kamaitachi no Yoru,9.0,Gameboy Advanced,2002.0,"Chunsoft Co., Ltd.",adventure,43.3,United Kingdom
Pokémon Mystery Dungeon: Red Rescue Team,2.0,Gameboy Advanced,2005.0,"Chunsoft Co., Ltd.",RPG,39.21,United Kingdom
Eyeshield 21: Devilbats Devildays,5.0,Gameboy Advanced,2006.0,"Eighting Co., Ltd.",adventure,36.35,Japonia
Kuru Kuru Kururin,3.0,Gameboy Advanced,2001.0,"Eighting Co., Ltd.",Action,46.92,Japonia
Kururin Paradise,6.0,Gameboy Advanced,2002.0,"Eighting Co., Ltd.",Action,43.15,Japonia
Pokemon Ruby,5.0,Gameboy Advanced,2003.0,"Game Freak, Inc.",Role-Playing,33.08,Japonia
Pokemon Sapphire,4.0,Gameboy Advanced,2003.0,"Game Freak, Inc.",Role-Playing,39.87,Japonia
Pokemon Fire Red,5.0,Gameboy Advanced,2004.0,"Game Freak, Inc.",Role-Playing,49.8,Japonia
Pokemon Leaf Green,3.0,Gameboy Advanced,2004.0,"Game Freak, Inc.",Role-Playing,24.93,Japonia
Pokemon Emerald,9.0,Gameboy Advanced,2005.0,"Game Freak, Inc.",Role-Playing,40.3,Japonia
Drill Dozer,7.0,Gameboy Advanced,2006.0,"Game Freak, Inc.",Action,30.08,Japonia
Kirby: Nightmare in Dreamland,4.0,Gameboy Advanced,2002.0,"HAL Laboratory, Inc.",Action,35.84,Japonia
Kirby and the Amazing Mirror,7.0,Gameboy Advanced,2004.0,"HAL Laboratory, Inc.",Puzzle,29.77,Japonia
Mother 3,4.0,Gameboy Advanced,2006.0,"HAL Laboratory, Inc.",Role-Playing,26.32,Japonia
Kirby: Nightmare in Dreamland,1.0,Gameboy Advanced,2002.0,"HAL Laboratory, Inc.",action,20.16,Japonia
Mother 3,9.0,Gameboy Advanced,2006.0,"HAL Laboratory, Inc.",RPG,47.5,Japonia
Mother 3 (Deluxe Box),4.0,Gameboy Advanced,2006.0,"HAL Laboratory, Inc.",RPG,28.89,Japonia
Star Soldier,7.0,Gameboy Advanced,2004.0,"Hudson Soft Company, Ltd.",Shooter,23.43,Japonia
Adventure Island,3.0,Gameboy Advanced,2004.0,"Hudson Soft Company, Ltd.",Action,46.16,Japonia
Bomberman,9.0,Gameboy Advanced,2004.0,"Hudson Soft Company, Ltd.",Action,24.93,Japonia
Mario Party Advance,4.0,Gameboy Advanced,2005.0,"Hudson Soft Company, Ltd.",Traditional,36.45,Japonia
Bomberman Jetters: Densetsu no Bomberman,2.0,Gameboy Advanced,2002.0,"Hudson Soft Company, Ltd.",action,43.86,Japonia
Hudson Best Collection Vol. 1: Bomberman Collectio...,8.0,Gameboy Advanced,2005.0,"Hudson Soft Company, Ltd.",compilation,45.18,Japonia
Hudson Best Collection Vol. 2: Lode Runner Collect...,10.0,Gameboy Advanced,2005.0,"Hudson Soft Company, Ltd.",compilation,31.9,Japonia
Hudson Best Collection Vol. 3: Action Collection,7.0,Gameboy Advanced,2005.0,"Hudson Soft Company, Ltd.",compilation,35.59,Japonia
Hudson Best Collection Vol. 4: Nazotoki Collection,2.0,Gameboy Advanced,2005.0,"Hudson Soft Company, Ltd.",compilation,24.38,Japonia
Hudson Best Collection Vol. 5: Shooting Collection,9.0,Gameboy Advanced,2006.0,"Hudson Soft Company, Ltd.",compilation,29.96,Japonia
Hudson Best Collection Vol. 6: Bōkenjima Collectio...,7.0,Gameboy Advanced,2006.0,"Hudson Soft Company, Ltd.",compilation,24.73,Japonia
Advance Wars,2.0,Gameboy Advanced,2001.0,"Intelligent Systems Co., Ltd.",Strategy,24.54,Japonia
Mario Kart Super Circuit,3.0,Gameboy Advanced,2001.0,"Intelligent Systems Co., Ltd.",Racing,47.81,Japonia
Fire Emblem: Fuuin no Tsurugi,5.0,Gameboy Advanced,2002.0,"Intelligent Systems Co., Ltd.",Role-Playing,29.0,Japonia
Advance Wars 2: Black Hole Rising,10.0,Gameboy Advanced,2003.0,"Intelligent Systems Co., Ltd.",Strategy,42.91,Japonia
Fire Emblem,4.0,Gameboy Advanced,2003.0,"Intelligent Systems Co., Ltd.",Role-Playing,27.73,Japonia
WarioWare Twisted,7.0,Gameboy Advanced,2005.0,"Intelligent Systems Co., Ltd.",Fighting,32.93,Japonia
Dr. Mario & Puzzle League,10.0,Gameboy Advanced,2005.0,"Intelligent Systems Co., Ltd.",Puzzle,26.42,Japonia
Fire Emblem: The Sacred Stones,8.0,Gameboy Advanced,2005.0,"Intelligent Systems Co., Ltd.",Role-Playing,25.96,Japonia
Erementar Gerad: Tozasareshi Uta,1.0,Gameboy Advanced,2005.0,Jupiter Corp.,RPG,21.54,Japonia
Sangokushi Eiketsuden,7.0,Gameboy Advanced,2005.0,"KOEI Co., Ltd.",RPG,30.43,Japonia
Sangokushi Kōmeiden,5.0,Gameboy Advanced,2005.0,"KOEI Co., Ltd.",RPG,29.92,Japonia
Dynasty Warriors Advance,2.0,Gameboy Advanced,2005.0,"KOEI Co., Ltd.",Strategy,34.42,Japonia
Stinger,1.0,Gameboy Advanced,2004.0,"Konami Co., Ltd.",Shooter,33.52,Japonia
Famicom Mini Vol. 20: Ganbare Goemon! Karakuri Douchuu,9.0,Gameboy Advanced,2004.0,"Konami Co., Ltd.",Action,23.73,Japonia
Castlevania,1.0,Gameboy Advanced,2004.0,"Konami Co., Ltd.",Action,40.28,Japonia
Silent Scope,4.0,Gameboy Advanced,2002.0,"Konami Co., Ltd.",action,39.69,Japonia
Shaman King: Legacy of the Spirits - Soaring Hawk,4.0,Gameboy Advanced,2005.0,"Konami Computer Entertainment Japan, Inc.",RPG,38.81,Japonia
Shin Bokura no Taiyō Gyakushū no Sabata,5.0,Gameboy Advanced,2005.0,"Konami Computer Entertainment Japan, Inc.",RPG,49.79,Japonia
Shaman King: Legacy of the Spirits - Sprinting Wol...,2.0,Gameboy Advanced,2005.0,"Konami Computer Entertainment Japan, Inc.",RPG,22.26,Japonia
Castlevania: Double Pack,6.0,Gameboy Advanced,2006.0,"Konami Computer Entertainment Tokyo, Inc.",compilation,45.46,Japonia
Shaman King: Master of Spirits 2,1.0,Gameboy Advanced,2005.0,Konami Corporation,RPG,42.65,Japonia
Yu-Gi-Oh! GX: Duel Academy,5.0,Gameboy Advanced,2005.0,Konami Corporation,RPG,47.45,Japonia
Namco Museum: 50th Anniversary,1.0,Gameboy Advanced,2005.0,Namco Limited,compilation,48.64,Japonia
Mappy,3.0,Gameboy Advanced,2004.0,Namco Limited,Action,29.29,Japonia
Famicom Mini Vol. 16: Dig Dug,2.0,Gameboy Advanced,2004.0,Namco Limited,Action,36.92,Japonia
Famicom Mini Vol. 06: Pac-Man,10.0,Gameboy Advanced,2004.0,Namco Limited,Action,20.8,Japonia
Famicom Mini Vol. 07: Xevious,2.0,Gameboy Advanced,2004.0,Namco Limited,Shooter,28.21,Japonia
Tales of Phantasia,7.0,Gameboy Advanced,2006.0,Namco Limited,Role-Playing,43.47,Japonia
Watch Out!,7.0,Gameboy Advanced,2002.0,"Nintendo Co., Ltd.",action,47.4,Japan
Balloon Fight,5.0,Gameboy Advanced,2002.0,"Nintendo Co., Ltd.",action,34.0,Japan
Pinball,7.0,Gameboy Advanced,2002.0,"Nintendo Co., Ltd.",action,28.23,Japan
Leek Game,3.0,Gameboy Advanced,2002.0,"Nintendo Co., Ltd.",action,31.14,Japan
Fire Hoops,5.0,Gameboy Advanced,2002.0,"Nintendo Co., Ltd.",action,43.31,Japan
Famicom Tantei Club: Kieta Kōkeisha,5.0,Gameboy Advanced,2004.0,"Nintendo Co., Ltd.",adventure,35.59,Japan
Nonono Puzzle Chairian,10.0,Gameboy Advanced,2005.0,"Nintendo Co., Ltd.",puzzle,44.8,Japan
Dr. Mario & Puzzle League,9.0,Gameboy Advanced,2005.0,"Nintendo Co., Ltd.",puzzle,32.05,Japan
Famicom Mukashibanashi: Shin Onigashima,3.0,Gameboy Advanced,2004.0,Nintendo EAD,adventure,23.18,Japan
Famicom Tantei Club Part II: Ushiro ni Tatsu Shōjo,5.0,Gameboy Advanced,2004.0,Nintendo R&D1,adventure,39.75,Japan
Yoshi's Island: Super Mario Advance 3,4.0,Gameboy Advanced,2002.0,Nintendo R&D2,action,37.36,Japan
Play-Yan,2.0,Gameboy Advanced,2005.0,Nintendo SPD,compilation,23.01,Japonia
It's Mr Pants,6.0,Gameboy Advanced,2004.0,Rare Limited,puzzle,23.21,France
Final Fantasy II,8.0,Gameboy Advanced,2005.0,"Square Co., Ltd.",RPG,46.08,Japonia
Final Fantasy Tactics Advance,8.0,Gameboy Advanced,2003.0,"Square Co., Ltd.",Role-Playing,20.85,Japonia
Final Fantasy 1 & 2: Dawn of Souls,6.0,Gameboy Advanced,2004.0,"Square Co., Ltd.",Various,22.29,Japonia
Final Fantasy 2,1.0,Gameboy Advanced,2005.0,"Square Co., Ltd.",Role-Playing,39.49,Japonia
Final Fantasy 3,1.0,Gameboy Advanced,2007.0,"Square Co., Ltd.",Role-Playing,27.61,Japonia
Final Fantasy V Advance,10.0,Gameboy Advanced,2006.0,"Square Enix Co., Ltd.",RPG,24.42,Japonia
Final Fantasy III,10.0,Gameboy Advanced,2006.0,"Square Enix Co., Ltd.",RPG,37.19,Japonia
Looney Tunes Double Pack: Dizzy Driving / Acme Ant...,1.0,Gameboy Advanced,2006.0,"WayForward Technologies, Inc.",compilation,34.38,USA
Sigma Star Saga,9.0,Gameboy Advanced,2005.0,"WayForward Technologies, Inc.",RPG,48.42,USA
Super Monkey Ball,10.0,Gamecube,2001.0,"Amusement Vision, Ltd.",action,26.89,Japonia
Super Monkey Ball 2,6.0,Gamecube,2002.0,"Amusement Vision, Ltd.",action,46.77,Japonia
Super Monkey Ball,10.0,Gamecube,2001.0,"Amusement Vision, Ltd.",puzzle,45.22,Japonia
Super Monkey Ball 2,2.0,Gamecube,2002.0,"Amusement Vision, Ltd.",puzzle,31.74,Japonia
F-Zero GX,8.0,Gamecube,2003.0,"Amusement Vision, Ltd.",Racing,37.55,Japonia
Taz: Wanted,1.0,Gamecube,2002.0,Blitz Games Ltd,action,46.34,Japonia
Capcom vs. SNK 2: Mark of the Millennium,9.0,Gamecube,2002.0,"Capcom Co., Ltd.",action,38.76,Japonia
Resident Evil,8.0,Gamecube,2002.0,"Capcom Co., Ltd.",action,20.89,Japonia
Disney's Magical Mirror Starring Mickey Mouse,8.0,Gamecube,2002.0,"Capcom Co., Ltd.",adventure,37.67,Japonia
Mega Man: Anniversary Collection,1.0,Gamecube,2004.0,"Capcom Co., Ltd.",compilaton,28.6,Japonia
Mega Man X Collection,6.0,Gamecube,2006.0,"Capcom Co., Ltd.",compilaton,23.38,Japonia
Disney's Hide & Sneak,8.0,Gamecube,2003.0,"Capcom Co., Ltd.",puzzle,21.03,Japonia
Mega Man X: Command Mission,1.0,Gamecube,2004.0,Capcom Production Studio 3,RPG,44.03,Japonia
Bloody Roar: Primal Fury,10.0,Gamecube,2002.0,"Eighting Co., Ltd.",action,38.85,Japonia
Big Mutha Truckers,10.0,Gamecube,2003.0,Eutechnyx Limited,Racing,33.66,Regatul Unit
Super Smash Bros.: Melee,8.0,Gamecube,2001.0,"HAL Laboratory, Inc.",action,21.66,Japonia
Kirby Air Ride,4.0,Gamecube,2003.0,"HAL Laboratory, Inc.",Racing,41.25,Japonia
Mario Party 5,7.0,Gamecube,2003.0,"Hudson Soft Company, Ltd.",Traditional,32.62,Japonia
Mario Party 7,7.0,Gamecube,2006.0,"Hudson Soft Company, Ltd.",Traditional,35.73,Japonia
Paper Mario: The Thousand-Year Door,3.0,Gamecube,2004.0,"Intelligent Systems Co., Ltd.",Role-Playing,35.05,Japonia
"WarioWare, Inc.: Mega Party Game$",3.0,Gamecube,2004.0,"Intelligent Systems Co., Ltd.",Sports,39.59,Japonia
Fire Emblem: Path of Radiance,7.0,Gamecube,2005.0,"Intelligent Systems Co., Ltd.",Role-Playing,38.72,Japonia
Paper Mario: The Thousand-Year Door,5.0,Gamecube,2004.0,"Intelligent Systems Co., Ltd.",RPG,23.32,Japonia
Fire Emblem: Path of Radiance,6.0,Gamecube,2005.0,"Intelligent Systems Co., Ltd.",RPG,25.46,Japonia
Mystic Heroes,8.0,Gamecube,2002.0,"KOEI Co., Ltd.",action,32.21,Japonia
Rave Master,5.0,Gamecube,2002.0,"Konami Computer Entertainment Japan, Inc.",action,28.54,Japonia
Pac-Man Vs. / Pac-Man World 2,6.0,Gamecube,2003.0,Namco Limited,compilaton,46.16,Japonia
Namco Museum: 50th Anniversary,10.0,Gamecube,2005.0,Namco Limited,compilaton,30.45,Japonia
Mr. Driller: Drill Land,6.0,Gamecube,2002.0,Namco Limited,puzzle,23.15,Japonia
Donkey Konga 2,5.0,Gamecube,2005.0,Namco Limited,Simulation,49.48,Japonia
Mario Superstar Baseball,4.0,Gamecube,2005.0,Namco Limited,Sports,43.41,Japonia
Disney's Party,7.0,Gamecube,2002.0,"Neverland Co., Ltd.",action,24.21,Japonia
Gun,4.0,Gamecube,2005.0,"Neversoft Entertainment, Inc.",gambling,21.76,Australia
The Legend of Zelda: Ocarina of Time / Master Ques...,3.0,Gamecube,2002.0,"Nintendo Co., Ltd.",compilaton,48.16,Japan
Luigi's Mansion,1.0,Gamecube,2001.0,Nintendo EAD,action,43.69,Japan
Super Mario Sunshine,2.0,Gamecube,2002.0,Nintendo EAD,action,37.36,Japan
Pikmin,5.0,Gamecube,2001.0,Nintendo EAD,puzzle,27.48,Japan
Pikmin 2,6.0,Gamecube,2004.0,Nintendo EAD,puzzle,49.54,Japan
Star Fox Adventures,8.0,Gamecube,2002.0,Rare Limited,action,45.42,France
Crash Bandicoot: The Wrath of Cortex,8.0,Gamecube,2002.0,Traveller's Tales (UK) Ltd.,action,28.11,Regatul Unit
Super Monkey Ball Adventure,9.0,Gamecube,2006.0,Traveller's Tales Oxford Studio,puzzle,36.16,Regatul Unit
Baten Kaitos: Eternal Wings and the Lost Ocean,8.0,Gamecube,2003.0,tri-Crescendo Inc.,RPG,45.03,Japonia
Baten Kaitos: Origins,8.0,Gamecube,2006.0,tri-Crescendo Inc.,RPG,32.65,Japonia
Corpse Party,6.476837449656363,Nintendo 3DS,2016.0,5pb. Inc.,adventure,19.99,Japonia
Heathcliff!: Frantic Foto,3.879466392237772,Nintendo 3DS,2013.0,7 Raven Studios Co. Ltd.,puzzle,14.99,Italia
Chase: Cold Case Investigations - Distant Memories,7.799269503600067,Nintendo 3DS,2016.0,"Arc System Works Co., Ltd.",adventure,5.99,Japonia
Jake Hunter: Detective Story - Ghost of the Dusk,4.633152842415299,Nintendo 3DS,2017.0,"Arc System Works Co., Ltd.",adventure,39.99,Japonia
Lola's Math Train,7.276620147559353,Nintendo 3DS,2013.0,BeiZ Ltd.,educational,3.99,Finlanda
Lola's ABC Party,6.52823025765265,Nintendo 3DS,2014.0,BeiZ Ltd.,educational,3.99,Finlanda
Legends of Oz: Dorothy's Return,5.75337565629103,Nintendo 3DS,2014.0,"Black Lantern Studios, Inc.",puzzle,19.99,Statele Unite
Gargoyle's Quest,4.5224445477584725,Nintendo 3DS,2011.0,"Capcom Co., Ltd.",action,3.99,Japonia
Dai Gyakuten Saiban 2: Naruhodō Ryūnosuke no Kakug...,6.562937466540152,Nintendo 3DS,2017.0,"Capcom Co., Ltd.",adventure,39.99,Japonia
Apollo Justice: Ace Attorney,7.730811131569821,Nintendo 3DS,2017.0,"Capcom Co., Ltd.",adventure,19.99,Japonia
Monster Hunter 4: Ultimate,2.9839160650948955,Nintendo 3DS,2014.0,Capcom Production Studio 1,RPG,29.99,Japonia
Christmas Wonderland 3,2.378257025947827,Nintendo 3DS,2013.0,Casual Arts,puzzle,7.99,Regatul Unit
The Keep,4.107483393384257,Nintendo 3DS,2014.0,"CINEMAX, s.r.o.",RPG,12.99,Cehia
WordsUp! Academy,9.27197320649404,Nintendo 3DS,2016.0,CoderChild,educational,2.99,Spania
Puyo Puyo 2,2.0487435326511267,Nintendo 3DS,2013.0,Compile,puzzle,7.99,Japonia
Hello Kitty: Happy Happy Family,4.360009080009496,Nintendo 3DS,2014.0,"Compile Heart Co., Ltd.",educational,19.99,Japonia
Kutar Quiz,7.572120981556755,Nintendo 3DS,2016.0,"Flyhigh Works Co., Ltd.",educational,0.99,Japonia
Pokémon Omega Ruby and Pokémon Alpha Sapphire Spec...,6.635675005054426,Nintendo 3DS,2014.0,"Game Freak, Inc.",RPG,0.0,Japonia
Disney Violetta: Rhythm & Music,4.189048241190148,Nintendo 3DS,2014.0,Game Machine Studios LLC,puzzle,29.99,Statele Unite
Ohno Odyssey,5.540626556500317,Nintendo 3DS,2013.0,Gamers Digital,puzzle,5.99,Statele Unite
The Denpa Men 2: Beyond the Waves,7.426855791527823,Nintendo 3DS,2013.0,"Genius Sonority, Inc.",RPG,11.99,Japonia
Puzzle & Dragons Z,7.630130130947612,Nintendo 3DS,2013.0,"GungHo Online Entertainment, Inc.",puzzle,29.99,Japonia
Art Academy: Lessons for Everyone!,6.724155947106162,Nintendo 3DS,2012.0,Headstrong Games Ltd.,educational,29.99,Regatul Unit
Pokémon Art Academy,8.849820361520141,Nintendo 3DS,2014.0,Headstrong Games Ltd.,educational,29.99,Regatul Unit
Disney Art Academy,3.4975339398383625,Nintendo 3DS,2016.0,Headstrong Games Ltd.,educational,29.99,Regatul Unit
Shin Megami Tensei IV,5.960507766864023,Nintendo 3DS,2013.0,Index Corporation,RPG,19.99,Japonia
Etrian Odyssey Untold: The Millennium Girl,1.210522564642226,Nintendo 3DS,2013.0,Index Corporation,RPG,29.99,Japonia
Parascientific Escape: Gear Detective,9.614561378070265,Nintendo 3DS,2017.0,"INTENSE, Ltd.",adventure,5.0,Japonia
Parascientific Escape: Crossing at the Farthest Ho...,2.93201544100926,Nintendo 3DS,2017.0,"INTENSE, Ltd.",adventure,5.0,Japonia
Castlevania II: Simon's Quest,7.796121616642706,Nintendo 3DS,2013.0,Konami Industry Co. Ltd.,RPG,4.99,Japonia
Castlevania: The Adventure,5.833645967263215,Nintendo 3DS,2011.0,Konami Industry Co. Ltd.,action,4.99,Japonia
Fantasy Life,7.394108246819865,Nintendo 3DS,2014.0,Level-5 Inc.,RPG,39.99,Japonia
Hell's Kitchen Vs.,2.6939073664367776,Nintendo 3DS,2011.0,"Ludia, Inc.",action,19.99,Canada
Creeping Terror,3.4612607084828095,Nintendo 3DS,2017.0,Mebius,adventure,9.99,Japonia
"Calculation Castle: Greco's Ghostly Challenge ""Div...",9.581112001830908,Nintendo 3DS,2013.0,Media5 Corporation,educational,3.99,Japonia
"Calculation Castle: Greco's Ghostly Challenge ""Mul...",3.5277382648267617,Nintendo 3DS,2013.0,Media5 Corporation,educational,9.99,Japonia
"Calculation Castle: Greco's Ghostly Challenge ""Sub...",4.6407224709081865,Nintendo 3DS,2013.0,Media5 Corporation,educational,9.99,Japonia
Edge,2.4434517561797544,Nintendo 3DS,2013.0,Mobigame S.A.R.L.,puzzle,7.99,Franța
Xevious,4.173736719318075,Nintendo 3DS,2011.0,Namco Limited,action,4.99,Japonia
Pac-Man,3.810841528491707,Nintendo 3DS,2011.0,Namco Limited,action,4.99,Japonia
Dr. Mario,7.542580037509357,Nintendo 3DS,2011.0,"Nintendo Co., Ltd.",action,4.99,Japan
Star Fox 64 3D,2.0304026226879075,Nintendo 3DS,2011.0,Nintendo EAD,action,39.99,Japan
Urban Champion,8.407911472095973,Nintendo 3DS,2011.0,Nintendo R&D1,action,4.99,Japan
The Quiet Collection,7.994061870347261,Nintendo 3DS,2017.0,"Nostatic Software, LLC",adventure,4.99,Statele Unite
"Candy, Please!",8.360014360687288,Nintendo 3DS,2017.0,"Nostatic Software, LLC",adventure,1.99,Statele Unite
PixelMaker,7.440249522303372,Nintendo 3DS,2016.0,"Nostatic Software, LLC",educational,2.99,Statele Unite
Puyo Puyo Tetris,5.541173400146607,Nintendo 3DS,2014.0,"O-Two, Inc.",puzzle,29.99,Japonia
Luv Me Buddies Wonderland,8.046905413622035,Nintendo 3DS,2015.0,Oxygene S.r.l,educational,19.99,Italia
Paws & Claws: Pet Vet - Australian Adventures,5.630705886085064,Nintendo 3DS,2014.0,Radon Labs GmbH,educational,14.99,Germania
My Zoo Vet Practice 3D,2.7179953832118144,Nintendo 3DS,2015.0,Raylight Studios s.r.l.,educational,24.99,Italia
My First Songs,2.7270168100855536,Nintendo 3DS,2014.0,"RingZero Game Studio Co., Ltd.",educational,4.99,Thailanda
My First Songs 2,9.365737429902474,Nintendo 3DS,2014.0,"RingZero Game Studio Co., Ltd.",educational,4.99,Thailanda
Spot the Differences!,2.613582038195383,Nintendo 3DS,2014.0,Sanuk Games SARL,puzzle,5.99,Franța
American Mensa Academy,5.277394229246032,Nintendo 3DS,2012.0,Silverball Studios Ltd.,educational,29.99,Regatul Unit
Shining Force: The Sword of Hajya,2.1409652522201186,Nintendo 3DS,2013.0,Sonic Co.,RPG,3.99,Japonia
World End Economica: Episode.02,6.1037301096533145,Nintendo 3DS,2016.0,Spicy Tails,adventure,5.99,Japonia
World End Economica: Episode.03,1.1689368229138155,Nintendo 3DS,2016.0,Spicy Tails,adventure,5.99,Japonia
Go! Go! Kokopolo: Harmonious Forest Revenge,6.018939167831576,Nintendo 3DS,2011.0,Tanukii Studios Ltd,action,5.99,Regatul Unit
Nekketsu Kōkō Dodgeball Bu Kyōteki! Tōkyū Senshi n...,7.2837826394853264,Nintendo 3DS,2011.0,Technos Japan Corp.,action,4.99,Japonia
Castle Clout 3D,1.0623267166525538,Nintendo 3DS,2014.0,Teyon S.A.,puzzle,4.99,Polonia
Digimon World Re: Digitize,5.9083883491445945,Nintendo 3DS,2013.0,tri-Crescendo Inc.,RPG,39.99,Japonia
The Legend of Korra: A New Era Begins,4.963485765223606,Nintendo 3DS,2014.0,"Webfoot Technologies, Inc.",RPG,29.99,SUA
Ice Station Z,9.744965065556084,Nintendo 3DS,2016.0,Wobbly Tooth Ltd.,adventure,2.99,Regatul Unit
BattleTanx,8.0,Nintendo 64,1998.0,"3DO Company, The",action,45.54,Italy
Army Men: Air Attack,9.0,Nintendo 64,2000.0,"3DO Company, The",action,33.48,Italy
Army Men: Sarge's Heroes 2,8.0,Nintendo 64,2000.0,"3DO Company, The",action,42.22,Italy
The Powerpuff Girls: Chemical X-Traction,7.0,Nintendo 64,2001.0,Asylum Entertainment Ltd.,action,48.37,Japonia
Magical Tetris Challenge,8.0,Nintendo 64,1998.0,"Capcom Co., Ltd.",action,35.67,Japonia
Magical Tetris Challenge,3.0,Nintendo 64,1998.0,"Capcom Co., Ltd.",puzzle,49.4,Japonia
Mega Man Legends,1.0,Nintendo 64,2000.0,Capcom Production Studio 2,action,27.15,Japonia
Fushigi no Dungeon: Fūrai no Shiren 2: Oni Shūrai!...,10.0,Nintendo 64,2000.0,"Chunsoft Co., Ltd.",RPG,39.28,United Kingdom
Puyo Puyo Sun,7.0,Nintendo 64,1997.0,Compile,puzzle,43.13,Japonia
Puyo Puyo~n,3.0,Nintendo 64,1999.0,Compile,puzzle,39.68,Japonia
Mario no Photopi,10.0,Nintendo 64,1998.0,DATT Japan Inc.,educational,34.57,Japan
Pocket Monsters Stadium,4.0,Nintendo 64,1998.0,"HAL Laboratory, Inc.",Strategy,34.72,Japonia
Pocket Monsters Stadium 2,6.0,Nintendo 64,1999.0,"HAL Laboratory, Inc.",Strategy,37.77,Japonia
Pokemon Snap,1.0,Nintendo 64,1999.0,"HAL Laboratory, Inc.",Simulation,20.67,Japonia
Pokemon Snap Station,6.0,Nintendo 64,1999.0,"HAL Laboratory, Inc.",Vending,40.68,Japonia
Pocket Monsters Snap,6.0,Nintendo 64,1999.0,"HAL Laboratory, Inc.",Simulation,24.89,Japonia
Nintendo All-Star! Dairantou Smash Brothers,3.0,Nintendo 64,1999.0,"HAL Laboratory, Inc.",Fighting,27.27,Japonia
Super Smash Bros.,9.0,Nintendo 64,1999.0,"HAL Laboratory, Inc.",Fighting,36.64,Japonia
Pokemon Stadium,6.0,Nintendo 64,2000.0,"HAL Laboratory, Inc.",Strategy,34.52,Japonia
Pocket Monsters Stadium: Gold & Silver,10.0,Nintendo 64,2000.0,"HAL Laboratory, Inc.",Strategy,47.0,Japonia
Hoshi no Kirby 64,6.0,Nintendo 64,2000.0,"HAL Laboratory, Inc.",Action,27.65,Japonia
Itoi Shigesato no Bass Tsuri No. 1,5.0,Nintendo 64,2000.0,"HAL Laboratory, Inc.",Sports,27.18,Japonia
Kirby 64: The Crystal Shards,1.0,Nintendo 64,2001.0,"HAL Laboratory, Inc.",Action,29.45,Japonia
Pokemon Stadium 2,9.0,Nintendo 64,2001.0,"HAL Laboratory, Inc.",Strategy,43.07,Japonia
Super Smash Bros.,1.0,Nintendo 64,1999.0,"HAL Laboratory, Inc.",action,36.67,Japonia
Kirby 64: The Crystal Shards,7.0,Nintendo 64,2000.0,"HAL Laboratory, Inc.",action,48.07,Japonia
Pokémon Stadium,7.0,Nintendo 64,1999.0,"HAL Laboratory, Inc.",RPG,49.61,Japonia
Pokémon Snap,1.0,Nintendo 64,1999.0,"HAL Laboratory, Inc.",simulation,24.46,Japonia
SimCity 64,9.0,Nintendo 64,2000.0,"HAL Laboratory, Inc.",simulation,21.46,Japonia
Bomberman 64,10.0,Nintendo 64,1997.0,"Hudson Soft Company, Ltd.",Action,27.72,Japonia
Baku Bomberman,2.0,Nintendo 64,1997.0,"Hudson Soft Company, Ltd.",Action,28.51,Japonia
Bomberman Hero,5.0,Nintendo 64,1998.0,"Hudson Soft Company, Ltd.",Action,37.79,Japonia
Bomberman Hero: Mirian Oujo wo Sukue,1.0,Nintendo 64,1998.0,"Hudson Soft Company, Ltd.",Action,39.31,Japonia
Baku Bomberman 2,1.0,Nintendo 64,1999.0,"Hudson Soft Company, Ltd.",Puzzle,24.94,Japonia
Mario Party,6.0,Nintendo 64,1999.0,"Hudson Soft Company, Ltd.",Action,36.6,Japonia
Mario Party 2,9.0,Nintendo 64,2000.0,"Hudson Soft Company, Ltd.",Action,44.64,Japonia
Bomberman 64: The Second Attack,9.0,Nintendo 64,2000.0,"Hudson Soft Company, Ltd.",Puzzle,38.85,Japonia
Mario Party 3,2.0,Nintendo 64,2001.0,"Hudson Soft Company, Ltd.",Action,28.27,Japonia
Bomberman 64,6.0,Nintendo 64,1997.0,"Hudson Soft Company, Ltd.",action,49.71,Japonia
Star Soldier: Vanishing Earth,2.0,Nintendo 64,1998.0,"Hudson Soft Company, Ltd.",action,42.32,Japonia
Super B-Daman: Battle Phoenix 64,9.0,Nintendo 64,1998.0,"Hudson Soft Company, Ltd.",action,42.18,Japonia
Mario Party,1.0,Nintendo 64,1998.0,"Hudson Soft Company, Ltd.",action,27.06,Japonia
Mario Party 3,2.0,Nintendo 64,2000.0,"Hudson Soft Company, Ltd.",action,34.93,Japonia
Getter Love!! Panda Love Unit,7.0,Nintendo 64,1998.0,"Hudson Soft Company, Ltd.",simulation,37.49,Japonia
Air Boarder 64,8.0,Nintendo 64,1998.0,"Human Entertainment, Inc.",action,36.76,Japonia
F1 Pole Position 64,8.0,Nintendo 64,1997.0,"Human Entertainment, Inc.",racing,41.58,Japonia
F1 Pole Position 64,4.0,Nintendo 64,1997.0,"Human Entertainment, Inc.",simulation,48.33,Japonia
Mario Story,10.0,Nintendo 64,2000.0,"Intelligent Systems Co., Ltd.",Role-Playing,48.17,Japonia
Paper Mario,6.0,Nintendo 64,2000.0,"Intelligent Systems Co., Ltd.",Role-Playing,23.97,Japonia
Pokemon Puzzle League,8.0,Nintendo 64,2000.0,"Intelligent Systems Co., Ltd.",Puzzle,34.65,Japonia
Paper Mario,10.0,Nintendo 64,2000.0,"Intelligent Systems Co., Ltd.",RPG,32.57,Japonia
Rakugakids,2.0,Nintendo 64,1998.0,"Konami Computer Entertainment Kobe, Inc.",action,48.05,Japonia
Castlevania,5.0,Nintendo 64,1999.0,"Konami Computer Entertainment Kobe, Inc.",action,20.01,Japonia
Dance Dance Revolution: Disney Dancing Museum,10.0,Nintendo 64,2000.0,"Konami Computer Entertainment Kobe, Inc.",action,49.63,Japonia
Susume! Taisen Puzzle Dama: Tōkon! Marutama Chō,2.0,Nintendo 64,1998.0,"Konami Computer Entertainment Kobe, Inc.",puzzle,45.27,Japonia
Jikkyō GI Stable,5.0,Nintendo 64,1999.0,"Konami Computer Entertainment Kobe, Inc.",simulation,34.14,Japonia
Mystical Ninja Starring Goemon,4.0,Nintendo 64,1997.0,"Konami Computer Entertainment Osaka Co., Ltd.",action,33.27,Japonia
Deadly Arts,6.0,Nintendo 64,1998.0,"Konami Computer Entertainment Osaka Co., Ltd.",action,40.68,Japonia
Goemon's Great Adventure,3.0,Nintendo 64,1998.0,"Konami Computer Entertainment Osaka Co., Ltd.",action,35.99,Japonia
Hybrid Heaven,5.0,Nintendo 64,1999.0,"Konami Computer Entertainment Osaka Co., Ltd.",action,32.0,Japonia
Hybrid Heaven,3.0,Nintendo 64,1999.0,"Konami Computer Entertainment Osaka Co., Ltd.",RPG,38.19,Japonia
Spider-Man,2.0,Nintendo 64,2000.0,"Neversoft Entertainment, Inc.",action,26.57,Australia
Yoshi's Story,8.0,Nintendo 64,1997.0,"Nintendo Co., Ltd.",action,34.51,Japan
Super Mario 64,3.0,Nintendo 64,1996.0,Nintendo EAD,action,41.81,Japan
Wave Race 64: Kawasaki Jet Ski,4.0,Nintendo 64,1996.0,Nintendo EAD,action,35.23,Japan
Star Fox 64,7.0,Nintendo 64,1997.0,Nintendo EAD,action,49.16,Japan
The Legend of Zelda: Ocarina of Time,9.0,Nintendo 64,1998.0,Nintendo EAD,action,47.5,Japan
The Legend of Zelda: Majora's Mask,10.0,Nintendo 64,2000.0,Nintendo EAD,action,34.45,Japan
Mario Artist: Talent Studio,8.0,Nintendo 64,2000.0,Nintendo EAD,educational,45.13,Japan
Wave Race 64: Kawasaki Jet Ski,2.0,Nintendo 64,1996.0,Nintendo EAD,racing,38.37,Japan
Mario Kart 64,5.0,Nintendo 64,1996.0,Nintendo EAD,racing,26.66,Japan
F-Zero X,9.0,Nintendo 64,1998.0,Nintendo EAD,racing,34.52,Japan
Dōbutsu no Mori,4.0,Nintendo 64,2001.0,Nintendo EAD,simulation,38.9,Japan
Mario Artist: Polygon Studio,4.0,Nintendo 64,2000.0,Nintendo R&D1,action,43.85,Japan
Mario Artist: Polygon Studio,4.0,Nintendo 64,2000.0,Nintendo R&D1,educational,24.51,Japan
Pilotwings 64,9.0,Nintendo 64,1996.0,Nintendo R&D3,action,49.54,Japan
Pilotwings 64,4.0,Nintendo 64,1996.0,Nintendo R&D3,racing,46.13,Japan
Pilotwings 64,4.0,Nintendo 64,1996.0,Nintendo R&D3,simulation,48.79,Japan
Killer Instinct Gold,8.0,Nintendo 64,1996.0,Rare Limited,action,24.15,France
GoldenEye 007,4.0,Nintendo 64,1997.0,Rare Limited,action,39.15,France
Blast Corps,9.0,Nintendo 64,1997.0,Rare Limited,action,26.34,France
Banjo-Kazooie,8.0,Nintendo 64,1998.0,Rare Limited,action,29.84,France
Donkey Kong 64,1.0,Nintendo 64,1999.0,Rare Limited,action,33.41,France
Jet Force Gemini,6.0,Nintendo 64,1999.0,Rare Limited,action,21.54,France
Banjo-Tooie,1.0,Nintendo 64,2000.0,Rare Limited,action,26.07,France
Perfect Dark,9.0,Nintendo 64,2000.0,Rare Limited,action,27.67,France
Conker's Bad Fur Day,8.0,Nintendo 64,2001.0,Rare Limited,action,46.98,France
Diddy Kong Racing,10.0,Nintendo 64,1997.0,Rare Limited,racing,35.69,France
Blast Corps,10.0,Nintendo 64,1997.0,Rare Limited,racing,38.7,France
Disney•Pixar A Bug's Life,3.0,Nintendo 64,1999.0,Traveller's Tales (UK) Ltd.,action,22.12,Regatul Unit
Mischief Makers,7.0,Nintendo 64,1997.0,"Treasure Co., Ltd.",action,31.64,Japonia
Sin and Punishment,9.0,Nintendo 64,2000.0,"Treasure Co., Ltd.",action,20.87,Japonia
Mischief Makers,1.0,Nintendo 64,1997.0,"Treasure Co., Ltd.",Action,49.09,Japonia
Tsumi to Batsu: Hoshi no Keishousha,2.0,Nintendo 64,2000.0,"Treasure Co., Ltd.",Shooter,25.48,Japonia
Sin & Punishment,3.0,Nintendo 64,2000.0,"Treasure Co., Ltd.",Shooter,38.81,Japonia
Cloudy with a Chance of Meatballs 2,2.0,Nintendo DS,2013.0,"1st Playable Productions, LLC",action,51.14,Statele Unite
Disney Frozen: Olaf's Quest,10.0,Nintendo DS,2013.0,"1st Playable Productions, LLC",action,21.95,Statele Unite
Winx Club: Saving Alfea,2.0,Nintendo DS,2014.0,"1st Playable Productions, LLC",action,99.65,Statele Unite
Big Hero 6: Battle In The Bay,6.0,Nintendo DS,2014.0,"1st Playable Productions, LLC",action,78.53,Statele Unite
Horrid Henry's Horrid Adventure,7.0,Nintendo DS,2010.0,Asylum Entertainment Ltd.,action,37.91,Japonia
Bubble Guppies,5.0,Nintendo DS,2012.0,"Black Lantern Studios, Inc.",educational,142.87,Statele Unite
Team Umizoomi & Dora's Fantastic Flight,9.0,Nintendo DS,2012.0,"Black Lantern Studios, Inc.",educational,139.04,Statele Unite
Ghost Trick: Phantom Detective,2.0,Nintendo DS,2010.0,"Capcom Co., Ltd.",adventure,57.28,Japonia
Gyakuten Kenji 2,7.0,Nintendo DS,2011.0,"Capcom Co., Ltd.",adventure,129.28,Japonia
Shiren the Wanderer: The Tower of Fortune and the ...,6.0,Nintendo DS,2010.0,"Chunsoft Co., Ltd.",RPG,106.67,United Kingdom
Pokémon Black Version 2,2.0,Nintendo DS,2012.0,"Game Freak, Inc.",RPG,43.2,Japonia
Pokémon White Version 2,9.0,Nintendo DS,2012.0,"Game Freak, Inc.",RPG,68.41,Japonia
Disney Violetta: Rhythm & Music,9.0,Nintendo DS,2014.0,Game Machine Studios LLC,action,109.11,Statele Unite
Real Crimes: The Unicorn Killer,7.0,Nintendo DS,2011.0,Gamers Digital,adventure,140.16,Statele Unite
Der Fluch der Osterinsel,1.0,Nintendo DS,2010.0,Independent Arts Software GmbH,adventure,91.88,Germania
Rune Factory 3: A Fantasy Harvest Moon,9.0,Nintendo DS,2010.0,"Neverland Co., Ltd.",RPG,39.36,Japonia
Thor: God of Thunder,10.0,Nintendo DS,2011.0,"WayForward Technologies, Inc.",action,63.63,USA
Mega Man 6,4.0,Nintendo NES,1994.0,"Capcom Co., Ltd.",Various,15.19,Japonia
Yoshi,2.0,Nintendo NES,1992.0,"Game Freak, Inc.",Puzzle,24.42,Japonia
Kirby's Adventure,2.0,Nintendo NES,1993.0,"HAL Laboratory, Inc.",Action,10.46,Japonia
4 Nin Uchi Mahjong,8.0,Nintendo NES,1984.0,"Hudson Soft Company, Ltd.",Traditional,20.71,Japonia
Dance Aerobics,5.0,Nintendo NES,1989.0,"Human Entertainment, Inc.",Sports,11.93,Japonia
Famicom Wars,2.0,Nintendo NES,1988.0,"Intelligent Systems Co., Ltd.",Strategy,37.47,Japonia
Fire Emblem,8.0,Nintendo NES,1990.0,"Intelligent Systems Co., Ltd.",Role-Playing,35.29,Japonia
Rad Racer,9.0,Nintendo NES,1987.0,"Square Co., Ltd.",Racing,34.47,Japonia
Nintendo World Championships 1990,9.0,Nintendo NES,1990.0,"Square Co., Ltd.",Various,33.24,Japonia
Final Fantasy,7.0,Nintendo NES,1990.0,"Square Co., Ltd.",Role-Playing,17.8,Japonia
Kirby's Avalanche,1.0,Nintendo SNES,1995.0,"HAL Laboratory, Inc.",Puzzle,27.27,Japonia
Kirby's Dream Course,4.0,Nintendo SNES,1995.0,"HAL Laboratory, Inc.",Sports,38.46,Japonia
Kirby Super Star,3.0,Nintendo SNES,1996.0,"HAL Laboratory, Inc.",Action,13.68,Japonia
Kirby's DreamLand 3,6.0,Nintendo SNES,1997.0,"HAL Laboratory, Inc.",Action,23.09,Japonia
Kirby's Star Stacker,3.0,Nintendo SNES,1998.0,"HAL Laboratory, Inc.",Puzzle,24.3,Japonia
Super Scope 6,10.0,Nintendo SNES,1992.0,"Intelligent Systems Co., Ltd.",Shooter,35.59,Japonia
Battle Clash,3.0,Nintendo SNES,1992.0,"Intelligent Systems Co., Ltd.",Shooter,32.64,Japonia
Fire Emblem: Monsho no Nazo,7.0,Nintendo SNES,1993.0,"Intelligent Systems Co., Ltd.",Role-Playing,33.2,Japonia
Metal Combat: Falcon's Revenge,10.0,Nintendo SNES,1993.0,"Intelligent Systems Co., Ltd.",Shooter,12.84,Japonia
Super Metroid,1.0,Nintendo SNES,1994.0,"Intelligent Systems Co., Ltd.",Shooter,13.63,Japonia
Tetris Attack,10.0,Nintendo SNES,1996.0,"Intelligent Systems Co., Ltd.",Puzzle,24.62,Japonia
Fire Emblem: Seisen no Keifu,4.0,Nintendo SNES,1996.0,"Intelligent Systems Co., Ltd.",Role-Playing,23.71,Japonia
Super Famicom Wars,3.0,Nintendo SNES,1998.0,"Intelligent Systems Co., Ltd.",Strategy,39.01,Japonia
BS Super Famicom Wars,5.0,Nintendo SNES,1998.0,"Intelligent Systems Co., Ltd.",Strategy,31.4,Japonia
Fire Emblem: Thracia 776,10.0,Nintendo SNES,1999.0,"Intelligent Systems Co., Ltd.",Role-Playing,33.37,Japonia
Super Mario RPG: Legend of the Seven Stars,5.0,Nintendo SNES,1996.0,"Square Co., Ltd.",Role-Playing,19.09,Japonia
World of Goo,0.95,Nintendo Switch,2017.0,"2D Boy, LLC",puzzle,6.79,Japan
Hot Wheels Monster Trucks: Stunt Mayhem,8.5,Nintendo Switch,2024.0,3DClouds S.r.l.,RPG,18.88,Italy
Golf Peaks,8.577988531335496,Nintendo Switch,2019.0,Afterburn,puzzle,3.4,Poland
Under Night: In-Birth - [Sys:Celes],2.4878546600492384,Nintendo Switch,2024.0,"Arc System Works Co., Ltd.",action,39.99,Japan
Starward Rogue,2.1936001688790006,Nintendo Switch,2024.0,"Arcen Games, LLC",action,11.99,United States
Dragon Quest II: Luminaries of the Legendary Line,9.0,Nintendo Switch,2019.0,Armor Project,RPG,3.42,Japan
Boost Beast,3.0,Nintendo Switch,2017.0,Arzest,puzzle,7.12,Japan
Tomb Raider : Remastered,7.542690408908291,Nintendo Switch,2025.0,"Aspyr Media, Inc.",action,29.99,United States
Tomb Raider I: Remastered,8.0,Nintendo Switch,2024.0,"Aspyr Media, Inc.",adventure,12.44,United States
Hatch Tales: A Heroic Hookshot Adventure,8.0,Nintendo Switch,2024.0,Atooi LLC,RPG,16.88,USA
Shashingo,1.3793297907363926,Nintendo Switch,2024.0,Autumn Pioneer Ltd,educational,20.0,United Kingdom
2048 Battles,7.594379503915268,Nintendo Switch,2019.0,Baltoro Games Sp. z o.o.,educational,1.72,United Kingdom
Girls und Panzer: Dream Tank Match DX,7.0,Nintendo Switch,2019.0,BANDAI NAMCO Entertainment Inc.,adventure,59.99,Japonia
Rogue Bit,9.050954708899688,Nintendo Switch,2019.0,Bigosaur d.o.o.,puzzle,7.78,Ukraine
Tadpole Treble Encore,8.0,Nintendo Switch,2021.0,BitFinity LLC,action,9.99,United States
Colin Thiele's Storm Boy: The Game,6.0,Nintendo Switch,2018.0,Blowfish Studios,adventure,5.99,Australia
Mages of Mystralia,7.5,Nintendo Switch,2019.0,Borealys Games Inc,RPG,12.87,Canada
Jujutsu Kaisen: Cursed Clash,8.33447659662167,Nintendo Switch,2024.0,Byking Inc.,action,59.99,Japan
DoDonPachi Saidaioujou,8.0,Nintendo Switch,2024.0,"CAVE Interactive Co., Ltd.",adventure,29.57,Japonia
Clunky Hero,7.0,Nintendo Switch,2023.0,Chaosmonger Studio,action,14.99,Estonia
Ever 17: The Out of Infinity,6.357362350929968,Nintendo Switch,2025.0,CyberFront Corporation,RPG,29.99,Japonia
Magical Drop II,7.0,Nintendo Switch,2017.0,Data East Corporation,puzzle,4.98,Japan
Glitch Hero,5.023675967966283,Nintendo Switch,2024.0,Didactoons Games SL,educational,11.99,Spania
Hypercharge: Unboxed,7.5,Nintendo Switch,2020.0,Digital Cybercherries Limited,action,19.99,United Kingdom
Llamasoft: The Jeff Minter Story,9.437468300739402,Nintendo Switch,2024.0,Digital Eclipse Entertainment Partners Co.,educational,29.99,Statele Unite
The Making of Karateka,7.0,Nintendo Switch,2023.0,Digital Eclipse Entertainment Partners Co.,educational,10.37,Statele Unite
Dragon's Lair Trilogy,8.0,Nintendo Switch,2019.0,Digital Leisure Inc.,compilation,19.99,Canada
Phoenix Wright: Ace Attorney Trilogy,8.0,Nintendo Switch,2019.0,"Digital Works Entertainment Co., Ltd.",adventure,29.99,Japonia
Goat Simulator: The GoatY,6.0,Nintendo Switch,2019.0,Double Eleven Limited,compilation,29.99,United Kingdom
The Legend of Cyber Cowboy,6.5,Nintendo Switch,2025.0,Eastasiasoft Limited,adventure,4.99,Hong Kong
Slime-san: Superslime Edition,7.0,Nintendo Switch,2018.0,"Fabraz, LLC",compilation,11.99,USA
Chernobylite,5.727927141284477,Nintendo Switch,2024.0,"Farm 51 Group S.A., The",adventure,14.23,Polonia
Knights and Bikes,8.608360102307616,Nintendo Switch,2020.0,Foam Sword Games,action,19.99,United Kingdom
Everhood 2,7.2,Nintendo Switch,2025.0,Foreign Gnomes,RPG,20.0,Poland
The Rocky Horror Show Video Game,7.5,Nintendo Switch,2024.0,FreakZone Games,RPG,8.43,UK
Unō Paradise,8.259873871091576,Nintendo Switch,2020.0,GAME STUDIO Inc.,educational,5.99,France
Carmen Sandiego,2.991676303695666,Nintendo Switch,2025.0,Gameloft Brisbane,action,14.99,Australia
Guns of Fury,8.5,Nintendo Switch,2025.0,Gelato Games Ltd,action,7.99,United Kingdom
Travis Strikes Again: No More Heroes - Digital Bun...,7.0,Nintendo Switch,2019.0,Grasshopper Manufacture Inc.,compilation,39.99,Japonia
Unspottable,8.0,Nintendo Switch,2021.0,GrosChevaux,action,11.99,France
Atelier Ryza: Ever Darkness & the Secret Hideout,8.0,Nintendo Switch,2019.0,Gust,RPG,44.78,Japan
Futoshiki Math,3.560783683044518,Nintendo Switch,2020.0,Hook Games,educational,3.4,United Kingdom
Gunman Clive: HD Collection,8.0,Nintendo Switch,2019.0,Hörberg Productions,compilation,3.99,Suedia
Freddi Fish and the Case of the Missing Kelp Seeds,2.444404578222667,Nintendo Switch,2024.0,"Humongous Entertainment, Inc.",educational,14.99,Statele Unite
Postal: Brain Damaged,7.5,Nintendo Switch,2024.0,Hyperstrange Sp. z.o.o,action,19.99,Poland
Silk,2.7220633331712816,Nintendo Switch,2019.0,International Hobo Ltd,educational,13.45,Japan
Dragon Marked for Death: Advanced Attackers,7.0,Nintendo Switch,2019.0,"Inti Creates Co., Ltd.",RPG,10.79,Japan
The Jackbox Party Pack 3,6.0,Nintendo Switch,2017.0,"Jackbox Games, Inc.",compilation,24.99,Statele Unite
Yume Nikki: Dream Diary,9.5,Nintendo Switch,2019.0,Kadokawa Shoten,adventure,19.99,Japonia
Kamitsubaki City Regenerate,7.0,Nintendo Switch,2025.0,Kamitsubaki Studio,RPG,51.99,Japan
Never 7: The End of Infinity,5.281511977631647,Nintendo Switch,2025.0,KID Corp.,RPG,19.99,Japonia
Warriors: Abyss,9.858405029055735,Nintendo Switch,2025.0,"Koei Tecmo Games Co., Ltd.",action,8.99,Japan
Fairy Tail 2,2.705058759430411,Nintendo Switch,2024.0,"Koei Tecmo Games Co., Ltd.",adventure,48.23,Japan
Atelier Rorona: The Alchemist of Arland DX,9.0,Nintendo Switch,2018.0,"Koei Tecmo Games Co., Ltd.",RPG,64.61,Japan
Suikoden I&II HD Remaster: Gate Rune & Dunan Unifi...,5.154942546832081,Nintendo Switch,2025.0,"Konami Digital Entertainment Co., Ltd.",RPG,49.99,Japonia
Kitten Kaboodle,4.238611190274755,Nintendo Switch,2025.0,Konami Industry Co. Ltd.,action,3.99,Japonia
Quarth,5.333932508448914,Nintendo Switch,2021.0,Konami Industry Co. Ltd.,action,5.99,Japonia
Moorhuhn Kart 4,8.5,Nintendo Switch,2025.0,Korion Interactive GmbH,RPG,24.99,Germany
X-Out: Resurfaced,8.26434597328209,Nintendo Switch,2025.0,Kritzelkratz 3000 GmbH,action,12.99,Germany
Willy Jetman: Astromonkey's Revenge,8.0,Nintendo Switch,2020.0,Last Chicken Games S.L.,action,12.99,Spania
Block-a-Pix Deluxe,2.9311017503696353,Nintendo Switch,2019.0,Lightwood Games,puzzle,0.68,Serbia
Wonder Boy: The Dragon's Trap,4.0,Nintendo Switch,2017.0,Lizardcube,compilation,19.99,Franța
Jiffy,1.9825620828998196,Nintendo Switch,2021.0,Lone Wolf Technology LLC,action,2.99,United States
Adverse,5.0,Nintendo Switch,2021.0,Loneminded,action,5.99,United Kingdom
Pine: A Story of Loss,1.0271143027778018,Nintendo Switch,2024.0,Made Up Games,adventure,4.2,United Kingdom
Professor Rubik's Brain Fitness,3.1352813948659204,Nintendo Switch,2020.0,Magic Pockets SAS,educational,14.99,Cyprus
Shing!,7.5,Nintendo Switch,2021.0,Mass Creation Sp. z o. o.,action,19.99,Poland
Dinosaur Jigsaw Puzzles,8.0,Nintendo Switch,2021.0,McPeppergames UG (haftungsbeschraenkt) & Co. KG,educational,11.62,Germania
Reknum,4.0,Nintendo Switch,2020.0,Nape Games S.L.,action,5.99,Spania
Killing Time: Resurrected,3.040645284441074,Nintendo Switch,2024.0,"Nightdive Studios, LLC",RPG,21.43,USA
Big Brain Academy: Brain vs. Brain,9.0,Nintendo Switch,2021.0,Nintendo EAD,educational,29.99,Japan
Ring Fit Adventure,9.605875860827272,Nintendo Switch,2019.0,Nintendo EPD,educational,79.99,France
7th Sector,7.942865243358866,Nintendo Switch,2020.0,Noskov S.S.,action,19.99,Rusia
Light Fingers,10.0,Nintendo Switch,2018.0,Numizmatic Games Corporation,RPG,12.27,USA
Leif's Adventure: Netherworld Hero,7.5,Nintendo Switch,2024.0,OneManOnMars Art & Games e.K,adventure,12.89,Germania
Chill Panda,9.21088643074488,Nintendo Switch,2020.0,Onteca Limited,educational,9.21,Poland
Beholder 3,6.5,Nintendo Switch,2023.0,Paintbucket Games UG,action,19.99,Germany
Unholy Heights,6.0,Nintendo Switch,2017.0,Petit Depotto,compilation,6.99,Japonia
Nerved,5.190548514949699,Nintendo Switch,2020.0,Playstige Interactive Information and Trade Limited Liability Company,action,7.99,Ungaria
Dreaming Canvas,1.333128321656542,Nintendo Switch,2019.0,Playstige Interactive Information and Trade Limited Liability Company,educational,2.72,United Kingdom
Core Keeper,1.4469664819499093,Nintendo Switch,2024.0,Pugstorm AB,RPG,10.37,Sweden
Apocalipsis: Wormwood Edition,7.0,Nintendo Switch,2019.0,Punch Punk Games,compilation,5.99,Polonia
Ghostanoid,2.0605891325297803,Nintendo Switch,2021.0,Qplaze,action,4.99,Ukraine
Funghi Puzzle: Funghi Explosion,7.0,Nintendo Switch,2018.0,"Racjin Co., Ltd.",puzzle,6.45,Spain
Hook,3.748729801451626,Nintendo Switch,2019.0,Rainbow Train,puzzle,13.21,France
Blazing Strike,4.315990338494098,Nintendo Switch,2024.0,RareBreed Makes Games LLC,RPG,35.48,USA
Dungeons 4: Nintendo Switch Edition,5.716939213065811,Nintendo Switch,2024.0,Realmforge Studios GmbH,RPG,25.56,Germany
Ninja 1987,6.4637586396985345,Nintendo Switch,2024.0,SEEP,adventure,4.57,Italia
Valkyria Chronicles: Remastered,8.0,Nintendo Switch,2018.0,SEGA Wow Inc.,compilation,19.99,Japonia
Mimpi Dreams,7.0,Nintendo Switch,2018.0,Silicon Jelly s.r.o.,adventure,9.99,Republica Cehă
Super Ping Pong Trick Shot,6.0,Nintendo Switch,2017.0,"SIMS Co., Ltd.",puzzle,1.78,Japan
Super Spy Raccoon,5.0,Nintendo Switch,2024.0,Slain Mascot LLC,adventure,4.57,Statele Unite
Réussir: Code de la route,5.873289651336457,Nintendo Switch,2019.0,Smart Tale SAS,educational,26.72,Singapore
Death Squared,7.0,Nintendo Switch,2017.0,SMG Studio Pty. Ltd.,puzzle,1.29,Australia
Fatal Fury,7.0,Nintendo Switch,2017.0,SNK Corporation,compilation,7.99,Japonia
Xposed Reloaded,9.769409370804267,Nintendo Switch,2023.0,Somequest Sp. z o. o.,action,1.99,Poland
Hiragana Pixel Party,3.157394184818125,Nintendo Switch,2017.0,Springloaded Pte. Ltd.,educational,6.74,Poland
Beyond the Ice Palace II,4.343249910784024,Nintendo Switch,2025.0,Storybird SARL,action,6.99,France
Beyond the Ice Palace II,9.42570120015289,Nintendo Switch,2025.0,Storybird SARL,RPG,19.99,France
Silver Falls: Guardians And Metal Exterminators S,8.0,Nintendo Switch,2024.0,Sungrand Studios Pty. Ltd.,action,9.99,Australia
The Escapists: Complete Edition,8.0,Nintendo Switch,2018.0,Team17 Digital Limited,compilation,14.99,United Kingdom
Rascal's Escape,6.2256450064727975,Nintendo Switch,2024.0,the Good Evil GmbH,educational,29.99,Germania
Universe for Sale,5.0,Nintendo Switch,2024.0,Themis Studio,adventure,5.01,Italia
Forgotton Anne,8.0,Nintendo Switch,2018.0,ThroughLine Games,adventure,19.99,Danemarca
Human Resource Machine,8.0,Nintendo Switch,2017.0,"Tomorrow Corporation, LLC",puzzle,6.79,USA
Stunt Flyer,6.720659059211127,Nintendo Switch,2025.0,Torus Games Pty. Ltd.,action,4.99,Australia
Kunai,5.798599880938167,Nintendo Switch,2020.0,TurtleBlaze,action,16.99,Țările de Jos
Valiant Hearts: The Great War,9.0,Nintendo Switch,2018.0,Ubisoft Montpellier SAS,adventure,14.99,Franța
Active Neurons 2,1.1134754505763982,Nintendo Switch,2020.0,Usanik Std,educational,4.99,Germany
Loot Hero DX,5.321361751313566,Nintendo Switch,2021.0,VaragtP Studios,action,4.99,Sweden
Joe's Diner,6.06576948623526,Nintendo Switch,2021.0,VIS GbR,action,7.99,Germany
Potionomics,9.0,Nintendo Switch,2024.0,Voracious Games,RPG,19.0,USA
Animals for Toddlers,6.3446655230308355,Nintendo Switch,2020.0,winterworks GmbH,educational,1.99,Japan
Wildermyth,9.3,Nintendo Switch,2024.0,Worldwalker Games LLC,RPG,8.16,USA
Santa Claus is Comin' to Town,10.0,Wii,2011.0,"1st Playable Productions, LLC",adventure,27.511002225813826,Statele Unite
Balls of Fury,2.0,Wii,2007.0,Alcazar Entertainment LLC,action,35.323109856051204,Statele Unite
Magician Lord,5.0,Wii,2007.0,"Alpha Denshi Kōgyō Co., Ltd.",action,40.078845594950636,Japonia
World Heroes,8.0,Wii,2007.0,"Alpha Denshi Kōgyō Co., Ltd.",action,32.301186190790766,Statele Unite
Stonekeep: Bones of the Ancestors,2.0,Wii,2012.0,"Alpine Studios, Inc.",RPG,34.86647747851285,Japonia
Super Monkey Ball: Banana Blitz,1.0,Wii,2006.0,"Amusement Vision, Ltd.",puzzle,38.71982031222777,Japonia
The Last Story,5.0,Wii,2011.0,"AQ Interactive, Inc.",RPG,29.373355707397014,Japonia
Dragon Quest X: Mezameshi Itsutsu no Shuzoku Onlin...,9.0,Wii,2012.0,Armor Project,RPG,28.727344011589672,Japan
Doctor Who: Return to Earth,6.0,Wii,2010.0,Asylum Entertainment Ltd.,adventure,33.5926107571498,Japonia
Peppa Pig: Fun and Games,10.0,Wii,2010.0,Asylum Entertainment Ltd.,educational,46.06229838259941,Japonia
Shin Megami Tensei II,10.0,Wii,2010.0,"Atlus Co., Ltd.",RPG,46.538402244376364,Japonia
Shin Megami Tensei If...,8.0,Wii,2011.0,"Atlus Co., Ltd.",RPG,38.03796246427743,Japonia
Majin Tensei,2.0,Wii,2011.0,"Atlus Co., Ltd.",RPG,22.65924762409766,Japonia
Majin Tensei II: Spiral Nemesis,3.0,Wii,2011.0,"Atlus Co., Ltd.",RPG,25.284164370093436,Japonia
Kyūyaku Megami Tensei: Megami Tensei I ・II,7.0,Wii,2012.0,"Atlus Co., Ltd.",RPG,46.19072858739295,Japonia
Sesame Street: Cookie's Counting Carnival - The Vi...,8.0,Wii,2010.0,"Black Lantern Studios, Inc.",educational,28.167385606942844,Statele Unite
Sesame Street: Elmo's A-to-Zoo Adventure - The Vid...,10.0,Wii,2010.0,"Black Lantern Studios, Inc.",educational,45.81367351384077,Statele Unite
The Biggest Loser Challenge,3.0,Wii,2010.0,Blitz Games Ltd,educational,48.17011895645361,Japonia
Phoenix Wright: Ace Attorney,2.0,Wii,2010.0,"Capcom Co., Ltd.",adventure,45.08088353232968,Japonia
Phoenix Wright: Ace Attorney - Justice for All,9.0,Wii,2010.0,"Capcom Co., Ltd.",adventure,24.05687254298843,Japonia
Phoenix Wright: Ace Attorney - Trials and Tribulat...,7.0,Wii,2010.0,"Capcom Co., Ltd.",adventure,46.39488657617622,Japonia
Sengoku Basara 2: Heroes Double Pack,9.0,Wii,2007.0,"Capcom Co., Ltd.",compilation,42.992682093353565,Japonia
Carnival Games,9.0,Wii,2007.0,"Cat Daddy Games, LLC",action,26.5443288235004,Statele Unite
Zanac,2.0,Wii,2007.0,Compile,action,30.54516726090075,Japonia
Puyo Puyo,4.0,Wii,2006.0,Compile,puzzle,48.617162568607654,Japonia
Dr. Robotnik's Mean Bean Machine,3.0,Wii,2006.0,Compile,puzzle,20.149977305363233,Japonia
Octomania,2.0,Wii,2007.0,"Compile Heart Co., Ltd.",puzzle,42.199784159215426,Japonia
Metal Max 2,8.0,Wii,2010.0,Crea-Tech Inc.,RPG,34.62167865706687,Japonia
Metal Max Returns,4.0,Wii,2011.0,Crea-Tech Inc.,RPG,24.72850375363047,Japonia
Deepak Chopra's Leela,5.0,Wii,2011.0,Curious Pictures,educational,35.64187699996206,Statele Unite
Ninjabread Man,10.0,Wii,2007.0,Data Design Interactive Ltd,action,27.14860752476984,Regatul Unit
Chelnov: Atomic Runner,4.0,Wii,2007.0,Data East Corporation,action,36.975330814795626,Japan
Magical Drop,5.0,Wii,2007.0,Data East Corporation,puzzle,29.32574050758314,Japan
Flappy,8.0,Wii,2007.0,dB-SOFT,puzzle,41.01428064839875,Japonia
Mad Dog McCree: Gunslinger Pack,7.0,Wii,2009.0,Digital Leisure Inc.,compilation,47.66434871598642,Canada
Balloon Pop,1.0,Wii,2007.0,"Dreams Co., Ltd.",puzzle,39.75182073353261,Japonia
Hot Wheels: Beat That!,4.0,Wii,2007.0,Eutechnyx Limited,action,41.697924036832305,Regatul Unit
Sherlock Holmes: Secret of the Silver Earring,1.0,Wii,2011.0,Frogwares Game Development Studio,adventure,46.08678449504599,Ucraina
Carmen Sandiego Adventures in Math: The Big Ben Bu...,2.0,Wii,2011.0,Gamelion Inc.,adventure,32.44309307208986,Polonia
Carmen Sandiego Adventures in Math: The Case of th...,8.0,Wii,2012.0,Gamelion Inc.,adventure,45.80811400917248,Polonia
Carmen Sandiego Adventures in Math: The Island of ...,8.0,Wii,2012.0,Gamelion Inc.,adventure,20.96992958907844,Polonia
Carmen Sandiego Adventures in Math: The Lady Liber...,6.0,Wii,2011.0,Gamelion Inc.,educational,35.78714100071693,Polonia
Carmen Sandiego Adventures in Math: The Big Ben Bu...,9.0,Wii,2011.0,Gamelion Inc.,educational,36.345754253883605,Polonia
Carmen Sandiego Adventures in Math: The Case of th...,7.0,Wii,2012.0,Gamelion Inc.,educational,30.068521554841723,Polonia
Carmen Sandiego Adventures in Math: The Great Gate...,9.0,Wii,2012.0,Gamelion Inc.,educational,31.020414890538653,Polonia
Carmen Sandiego Adventures in Math: The Island of ...,9.0,Wii,2012.0,Gamelion Inc.,educational,21.752527396260763,Polonia
Pandora's Tower,8.0,Wii,2011.0,"Ganbarion Co., Ltd.",RPG,25.005670973106035,Statele Unite
Brothers in Arms: Double Time,10.0,Wii,2008.0,Gearbox Software LLC,compilation,22.246784325030763,Statele Unite
National Geographic Challenge!,2.0,Wii,2011.0,Gusto Games Ltd.,educational,33.43322937208162,Regatul Unit
Adventures of Lolo,3.0,Wii,2007.0,"HAL Laboratory, Inc.",puzzle,41.05524702896563,Japonia
Adventures of Lolo 2,10.0,Wii,2007.0,"HAL Laboratory, Inc.",puzzle,34.60688018891633,Japonia
Kirby's Avalanche,3.0,Wii,2007.0,"HAL Laboratory, Inc.",puzzle,49.743602762386445,Japonia
Rooms: The Main Building,10.0,Wii,2010.0,HandMade Game,adventure,32.023212745643825,Coreea de Sud
Bust-A-Move Bash!,1.0,Wii,2007.0,Happy Happening,puzzle,25.089605567487432,Japonia
Dance Dance Revolution: Hottest Party,10.0,Wii,2007.0,"Hudson Soft Company, Ltd.",action,41.79718847172501,Japonia
Calling,3.0,Wii,2009.0,"Hudson Soft Company, Ltd.",adventure,28.126401901666107,Japonia
Princess Tomato in the Salad Kingdom,1.0,Wii,2010.0,"Hudson Soft Company, Ltd.",adventure,39.37911424244982,Japonia
Puzzle Series Vol. 2: Illust Logic + Colorful Logi...,8.0,Wii,2008.0,"Hudson Soft Company, Ltd.",compilation,29.375583894910825,Japonia
Kororinpa: Marble Mania,5.0,Wii,2006.0,"Hudson Soft Company, Ltd.",puzzle,23.969331115769144,Japonia
Lode Runner,3.0,Wii,2007.0,"Hudson Soft Company, Ltd.",puzzle,42.04137324399003,Japonia
Puzzle Series Vol. 1: Sudoku,3.0,Wii,2007.0,"Hudson Soft Company, Ltd.",puzzle,31.311234439798714,Japonia
Battle Lode Runner,1.0,Wii,2007.0,"Hudson Soft Company, Ltd.",puzzle,36.710190128929696,Japonia
Faxanadu,1.0,Wii,2010.0,"Hudson Soft Company, Ltd.",RPG,49.14493655117365,Japonia
Clock Tower,10.0,Wii,2010.0,"Human Entertainment, Inc.",adventure,33.322776534777404,Japonia
Mercury Meltdown,7.0,Wii,2007.0,Ignition Banbury,puzzle,26.78570345027854,Regatul Unit
Are You Smarter Than a 5th Grader?: Back to School,10.0,Wii,2010.0,ImaginEngine,educational,25.6564288119036,Statele Unite
The Crown of Midas,3.0,Wii,2009.0,Independent Arts Software GmbH,adventure,48.14512261477655,Germania
Der Fluch der Osterinsel,8.0,Wii,2010.0,Independent Arts Software GmbH,adventure,27.394617071349302,Germania
Benjamin Blümchen: Törööö im Zoo,1.0,Wii,2012.0,Independent Arts Software GmbH,educational,43.17964364865695,Germania
Wario's Woods,3.0,Wii,2006.0,"Intelligent Systems Co., Ltd.",puzzle,21.365302107555753,Japonia
@Simple Series Vol. 4: The Misshitsukara no Dasshu...,4.0,Wii,2009.0,"INTENSE, Ltd.",adventure,21.551672245156993,Japonia
Mario's Super Picross,5.0,Wii,2006.0,Jupiter Corp.,puzzle,39.48082204956539,Japonia
Romance of the Three Kingdoms XI with Power Up Kit,9.0,Wii,2007.0,"KOEI Co., Ltd.",compilation,20.487558964727114,Japonia
Nobunaga's Ambition: Kakushin with Power Up Kit,10.0,Wii,2008.0,"KOEI Co., Ltd.",compilation,25.450004201155387,Japonia
Detana!! TwinBee,4.0,Wii,2007.0,"Konami Co., Ltd.",action,25.385239566082,Japonia
Life Force,8.0,Wii,2007.0,Konami Industry Co. Ltd.,action,30.612882064888865,Japonia
Ganbare Goemon Gaiden: Kieta Ōgon Kiseru,3.0,Wii,2012.0,Konami Industry Co. Ltd.,RPG,41.593637485633735,Japonia
Dragon Blade: Wrath of Fire,5.0,Wii,2007.0,"Land Ho! Co., Ltd.",action,44.92244399641258,Japonia
Reader Rabbit: 1st Grade - Capers on Cloud Nine!,9.0,Wii,2011.0,"Learning Company, The",adventure,40.20324970374649,Statele Unite
Reader Rabbit: 2nd Grade - Mis-cheese-ious Dreamsh...,8.0,Wii,2011.0,"Learning Company, The",adventure,38.71620074827073,Statele Unite
Reader Rabbit: 1st Grade - Capers on Cloud Nine!,4.0,Wii,2011.0,"Learning Company, The",educational,28.567965807456392,Statele Unite
Reader Rabbit: 2nd Grade - Mis-cheese-ious Dreamsh...,6.0,Wii,2011.0,"Learning Company, The",educational,45.11993941493036,Statele Unite
Reader Rabbit: Kindergarten - Bounce Down in Ballo...,5.0,Wii,2011.0,"Learning Company, The",educational,43.63398933888908,Statele Unite
Reader Rabbit: Preschool - Sparkle Star Rescue!,2.0,Wii,2011.0,"Learning Company, The",educational,23.41120112744256,Statele Unite
Ikenie no Yoru,6.0,Wii,2011.0,Marvelous Entertainment Inc.,adventure,30.195097801261326,Japonia
Metal Slug: Anthology,5.0,Wii,2006.0,"MEGA Enterprise Co., Ltd.",compilation,43.84046446570841,Coreea de Sud
Ultimate Board Game Collection,6.0,Wii,2007.0,Mere Mortals Ltd.,compilation,26.232229952618304,Regatul Unit
Ultimate Shooting Collection,3.0,Wii,2008.0,MileStone Inc.,compilation,25.84122734186201,Japonia
Namco Museum Remix,9.0,Wii,2007.0,Namco Bandai Games Inc.,compilation,40.49027915106112,Japonia
The Tower of Druaga,5.0,Wii,2007.0,Namco Limited,action,42.693059735197366,Japonia
National Geographic Safari Adventures: Africa,8.0,Wii,2009.0,Neko Entertainment SARL,adventure,37.194866110445,Franța
Rune Factory: Tides of Destiny,10.0,Wii,2011.0,"Neverland Co., Ltd.",RPG,40.99192766799483,Japonia
Spider-Man: Friend or Foe,6.0,Wii,2007.0,"Next Level Games, Inc.",action,44.18401063632876,Canada
Yoshi's Story,10.0,Wii,2007.0,"Nintendo Co., Ltd.",action,49.70513232803111,Japan
Yoshi,1.0,Wii,2007.0,"Nintendo Co., Ltd.",puzzle,49.336386001774535,Japan
Donkey Kong Jr. Math,10.0,Wii,2007.0,Nintendo R&D1,puzzle,38.33601468035417,Japan
Samurai Warriors: Katana,2.0,Wii,2007.0,Omega Force,action,20.39493370614534,Japonia
Dive: The Medes Islands Secret,4.0,Wii,2010.0,Over the Top Games S.L.,adventure,22.970566796868045,Spania
"Sakura Wars: So Long, My Love",2.0,Wii,2010.0,Overworks,adventure,37.20867126054043,Japonia
Kai: Tsukikomori,3.0,Wii,2012.0,Pandora Box,adventure,39.083333241487246,Japonia
Heisei Shin Onigashima: Zenpen,7.0,Wii,2010.0,Pax Softnica,adventure,46.963272940121485,Japonia
Heisei Shin Onigashima: Kōhen,6.0,Wii,2010.0,Pax Softnica,adventure,48.795019654374514,Australia
Looney Tunes: Acme Arsenal,9.0,Wii,2007.0,Red Tribe,action,47.538150681112704,Statele Unite
Metroid Prime Trilogy,9.0,Wii,2009.0,Retro Studios Inc.,compilation,42.27765539076886,Spania
Wanted: A Wild Western Adventure,10.0,Wii,2010.0,Revistronic,adventure,49.01995828421153,Thailanda
My First Songs,2.0,Wii,2010.0,"RingZero Game Studio Co., Ltd.",educational,28.560865728430514,Thailanda
Mystery Case Files: The Malgrave Incident,4.0,Wii,2011.0,Sanzaru Games Inc.,adventure,49.563478961949016,Japonia
SNK Arcade Classics Vol. 1,5.0,Wii,2008.0,"Saurus Co., Ltd.",compilation,27.375063237405396,Japonia
Columns,3.0,Wii,2006.0,SEGA Enterprises Ltd.,puzzle,44.67584932513084,Japonia
NCIS,5.0,Wii,2011.0,"Shanghai UBIsoft Computer Software Co., Ltd.",adventure,41.53345601901317,China
American Mensa Academy,1.0,Wii,2012.0,Silverball Studios Ltd.,educational,26.23733181170719,Regatul Unit
Challenge Me: Brain Puzzles 2,8.0,Wii,2011.0,Slam Productions Ltd,educational,32.202139495042154,Regatul Unit
Samurai Shodown: Anthology,10.0,Wii,2008.0,SNK Playmore Corporation,compilation,45.074277797242715,Japonia
Puyo Puyo!: 15th Anniversary,4.0,Wii,2007.0,Sonic Team,puzzle,48.44814158974349,Japonia
K11: Kommissare im Einsatz,10.0,Wii,2010.0,Sproing Interactive Media GmbH,adventure,23.233562904564923,Austria
Romancing SaGa 3,2.0,Wii,2010.0,"Square Co., Ltd.",RPG,44.436500469458174,Japonia
Final Fantasy: Mystic Quest,9.0,Wii,2010.0,"Square Co., Ltd.",RPG,20.531751581824313,Japonia
Final Fantasy V,7.0,Wii,2011.0,"Square Co., Ltd.",RPG,26.77650427346302,Japonia
Chrono Trigger,8.0,Wii,2011.0,"Square Co., Ltd.",RPG,31.380538626495873,Japonia
Rudra no Hihō,1.0,Wii,2011.0,"Square Co., Ltd.",RPG,28.00985469850419,Japonia
Fullmetal Alchemist: Prince of the Dawn,6.0,Wii,2009.0,"Square Enix Co., Ltd.",adventure,44.026993096922794,Japonia
Fullmetal Alchemist: Daughter of the Dusk,3.0,Wii,2009.0,"Square Enix Co., Ltd.",adventure,41.42985196284524,Japonia
Final Fantasy III,5.0,Wii,2011.0,"Square Enix Co., Ltd.",RPG,42.49406716053842,Japonia
Enclave,8.0,Wii,2012.0,Starbreeze Studios AB,RPG,23.92657884635399,Suedia
Sugoro Quest: Dice no Senshi Tachi,8.0,Wii,2011.0,Technos Japan Corp.,RPG,39.367520715781964,Japonia
Solomon's Key,7.0,Wii,2006.0,"Tecmo, Ltd.",puzzle,25.988666261257983,Japonia
Tales of Monkey Island: Chapter 2 - The Siege of S...,10.0,Wii,2009.0,"Telltale, Inc.",adventure,41.01363520694421,Statele Unite
Albert Odyssey,5.0,Wii,2010.0,Tokai Engineering,RPG,48.59959177133558,Japonia
LEGO Star Wars: The Complete Saga,4.0,Wii,2007.0,Traveller's Tales (UK) Ltd.,compilation,49.67435982493241,Regatul Unit
Sin and Punishment,3.0,Wii,2007.0,"Treasure Co., Ltd.",action,33.60865990849665,Japonia
Cranium Kabookii,6.0,Wii,2007.0,Ubisoft Quebec City Stu,puzzle,38.98296638097154,Canada
Horrible Histories: Ruthless Romans,3.0,Wii,2009.0,Virtual Identity S.r.l.,adventure,38.12039953874139,Italia
Once Upon a Time,10.0,Wii,2010.0,Visual Impact SPRL,adventure,46.431957926395626,Belgia
Around the World,6.0,Wii,2010.0,Wizarbox SARL,educational,39.0197107333458,Franța
The Hardy Boys: The Hidden Theft,2.0,Wii,2009.0,XPEC Entertainment Inc.,adventure,49.87336317021067,Taiwan
Simple 2000 Series Wii Vol. 1: The Table Game,1.0,Wii,2008.0,Yuki Enterprise,compilation,45.031777489798586,Japonia
Preston Sterling and the Legend of Excalibur,5.768094520076042,Wii U,2017.0,Animation Arts Creative GmbH,adventure,10.12,Germania
Tokyo Mirage Sessions ♯FE,4.038581931310356,Wii U,2015.0,"Atlus Co., Ltd.",RPG,42.36,Japonia
Dungeon Explorer,2.361717887479962,Wii U,2017.0,"Atlus Co., Ltd.",RPG,17.6,Japonia
Scribble,1.2003238693317244,Wii U,2016.0,Bear Box Media,educational,53.19,Japonia
Breath of Fire,5.684935330079904,Wii U,2014.0,"Capcom Co., Ltd.",RPG,19.35,Japonia
Rockman EXE 4.5 Real Operation,6.36984067583,Wii U,2016.0,Capcom Production Studio 2,RPG,15.01,Japonia
WordsUp! Academy,6.342226389229579,Wii U,2017.0,CoderChild,educational,28.62,SUA
Dinox,9.031067315526833,Wii U,2015.0,Codix Games B.V.,educational,24.05,SUA
Wicked Monsters: BLAST!,6.1443937767225805,Wii U,2016.0,"Corecell Technology Co., Ltd.",puzzle,31.42,SUA
Mr. Pumpkin Adventure,4.076778270634534,Wii U,2016.0,"COTTONGAME Network Technology Co., Ltd.",adventure,35.47,China
Super Ninja Boy,6.707564909656015,Wii U,2014.0,Culture Brain Inc.,RPG,13.15,Japonia
Costume Quest 2,9.102198244155064,Wii U,2014.0,"Double Fine Productions, Inc.",RPG,53.14,SUA
Kuru Kuru Kururin,7.471028845813786,Wii U,2014.0,"Eighting Co., Ltd.",action,38.2,Japonia
Revenant Saga,8.477016214023354,Wii U,2017.0,EXE-CREATE Ltd.,RPG,28.29,Japonia
Ohayou!: Beginner's Japanese,2.9496165293204197,Wii U,2016.0,Finger Gun Games,educational,44.89,Regatul Unit
Armillo,7.475628772247855,Wii U,2014.0,Fuzzy Wuzzy Games Inc.,action,16.1,Canada
Mendel Palace,4.3545617517810875,Wii U,2014.0,"Game Freak, Inc.",action,28.82,Japonia
Mother 3,1.0964117431362694,Wii U,2015.0,"HAL Laboratory, Inc.",RPG,27.84,Japonia
Art Academy: SketchPad,9.535835937026684,Wii U,2013.0,Headstrong Games Ltd.,educational,22.36,Regatul Unit
Art Academy: Home Studio,4.274490058724975,Wii U,2015.0,Headstrong Games Ltd.,educational,21.16,Regatul Unit
Ben 10: Omniverse 2,7.427842511487995,Wii U,2013.0,"High Voltage Software, Inc.",action,40.51,Statele Unite
Gunman Clive: HD Collection,4.837086952168386,Wii U,2015.0,Hörberg Productions,compilation,36.58,Suedia
Fire Emblem Gaiden,6.529850326629167,Wii U,2014.0,"Intelligent Systems Co., Ltd.",RPG,35.39,Japonia
Emojikara: A Clever Emoji Match Game,8.995198523881678,Wii U,2016.0,Intropy Games,puzzle,33.05,SUA
Brawl Brothers,5.974540032592373,Wii U,2013.0,Jaleco Ltd.,action,36.51,Franța
Super Castlevania IV,3.459867622504067,Wii U,2013.0,"Konami Co., Ltd.",action,40.32,Japonia
Contra III: The Alien Wars,3.297046041653032,Wii U,2013.0,"Konami Co., Ltd.",action,32.43,Japonia
Castlevania: Aria of Sorrow,9.045630618446356,Wii U,2014.0,"Konami Computer Entertainment Tokyo, Inc.",RPG,57.21,Japonia
Word Party,7.644937332689522,Wii U,2015.0,Lightwood Games,puzzle,18.57,SUA
Word Puzzles by POWGI,5.524275271867253,Wii U,2016.0,Lightwood Games,puzzle,18.98,SUA
Electronic Super Joy,7.817199570410272,Wii U,2015.0,Michael Todd Games,compilation,16.72,Canada
Polarium Advance,3.5785364272830678,Wii U,2015.0,Mitchell Corporation,puzzle,52.98,SUA
Xenoblade Chronicles X,8.458482444727936,Wii U,2015.0,"Monolith Software, Inc.",compilation,45.53,Japonia
Taiko no Tatsujin: Wii U Version!,7.916054393201301,Wii U,2013.0,Namco Bandai Games Inc.,action,12.36,Japonia
Battle City,2.952216731321206,Wii U,2014.0,Namco Limited,action,28.78,Japonia
Alien Crush,5.522304047053005,Wii U,2014.0,"naxat Co., Ltd.",action,12.2,Japonia
Warsong,8.276799338655426,Wii U,2017.0,NCS Corporation,RPG,39.23,Norvegia
Hisō Kihei X-Serd,8.348158066985086,Wii U,2017.0,NCS Corporation,RPG,16.06,Norvegia
Call of Duty: Ghosts,8.055389265524635,Wii U,2013.0,"Neversoft Entertainment, Inc.",action,55.48,Australia
Wii Sports Club,3.0675122265560733,Wii U,2014.0,Nintendo EAD,action,48.54,Japan
Super Mario 3D World,1.3541015226605504,Wii U,2013.0,Nintendo EAD,action,47.25,Japan
Wii Fit U,9.80042977420968,Wii U,2013.0,Nintendo EAD,educational,45.98,Japan
PixelMaker,4.10087850904543,Wii U,2016.0,"Nostatic Software, LLC",educational,20.73,SUA
Luv Me Buddies Wonderland,5.757842788387004,Wii U,2014.0,Oxygene S.r.l,educational,54.1,Italia
Wrecking Crew '98,9.021423841911771,Wii U,2016.0,Pax Softnica,compilation,36.5,Japonia
PixlCross,4.736530551413365,Wii U,2016.0,PixlBit Studios,puzzle,12.77,SUA
Tap Tap Arcade,2.068141937317113,Wii U,2016.0,RCMADIAX LLC,compilation,17.7,SUA
Touch Selections,9.679350228217881,Wii U,2016.0,RCMADIAX LLC,compilation,44.7,SUA
Peg Solitaire,2.015504663338924,Wii U,2016.0,RCMADIAX LLC,puzzle,44.79,SUA
My First Songs,2.584254272456948,Wii U,2014.0,"RingZero Game Studio Co., Ltd.",educational,49.32,Thailanda
Mon Premier Karaoké,3.608601681327836,Wii U,2015.0,"RingZero Game Studio Co., Ltd.",educational,21.8,Thailanda
Bombing Bastards,6.633324421797413,Wii U,2014.0,Sanuk Games SARL,action,58.99,Franța
Now I know my ABCs,5.990377854009942,Wii U,2016.0,Skunk Software,educational,17.06,SUA
Educational Pack of Kids Games,3.08234819756187,Wii U,2016.0,Skunk Software,educational,15.13,SUA
Final Fantasy I & II: Dawn of Souls,1.5979265222522874,Wii U,2016.0,"Square Co., Ltd.",compilation,33.43,Japonia
Final Fantasy I & II: Dawn of Souls,8.566196144901195,Wii U,2016.0,"Square Co., Ltd.",RPG,32.42,Japonia
Final Fantasy Tactics Advance,2.4002508139244996,Wii U,2016.0,"Square Enix Co., Ltd.",RPG,51.64,Japonia
Kunio-kun no Dodge Ball da yo: Zenin Shūgo,4.42626452677482,Wii U,2014.0,Technos Japan Corp.,action,37.49,Japonia
Downtown Special: Kunio-kun no Jidaigeki da yo - Z...,6.670204886630369,Wii U,2013.0,Technos Japan Corp.,action,57.26,Japonia
Minecraft: Story Mode - The Complete Adventure,6.982641289665096,Wii U,2016.0,"Telltale, Inc.",adventure,47.91,SUA
Minecraft: Story Mode - The Complete Adventure,1.482745519852613,Wii U,2016.0,"Telltale, Inc.",compilation,29.62,SUA
Barbie Dreamhouse Party,1.2330100908354709,Wii U,2013.0,Torus Games Pty. Ltd.,action,24.09,Statele Unite
Game & Watch Gallery 4,2.0,Wii U,2015.0,"Tose Co., Ltd.",compilation,22.29,Japonia
The Perplexing Orb,3.208491671646226,Wii U,2016.0,TreeFall Studios L.L.C.,puzzle,10.37,SUA
